title,company,location,link
"<a class=""s-link stretched-link"" href=""/jobs/505263/architect-rust-library-design-ockam"" title=""Architect - Rust Library Design"">Architect - Rust Library Design</a>",Ockam,No office location,https://stackoverflow.com/jobs/505263
"<a class=""s-link stretched-link"" href=""/jobs/481759/senior-site-reliability-engineer-penn-interactive-ventures"" title=""Senior Site Reliability Engineer"">Senior Site Reliability Engineer</a>",Penn Interactive Ventures,"Philadelphia, PA",https://stackoverflow.com/jobs/481759
"<a class=""s-link stretched-link"" href=""/jobs/523016/sre-and-devops-consultant-ft-remote-bitovi"" title=""SRE and DevOps Consultant (FT, Remote)"">SRE and DevOps Consultant (FT, Remote)</a>",Bitovi,"Chicago, IL",https://stackoverflow.com/jobs/523016
"<a class=""s-link stretched-link"" href=""/jobs/497819/senior-machine-learning-engineer-bombora"" title=""Senior Machine Learning Engineer"">Senior Machine Learning Engineer</a>",Bombora,No office location,https://stackoverflow.com/jobs/497819
"<a class=""s-link stretched-link"" href=""/jobs/502027/principal-devops-engineer-network-automation-and-oracle"" title=""Principal Devops Engineer, Network Automation and Orchestration (JoinOCI)"">Principal Devops Engineer, Network Automation and Orchestration (JoinOCI)</a>",Oracle,"Hyderabad, India",https://stackoverflow.com/jobs/502027
"<a class=""s-link stretched-link"" href=""/jobs/500854/principal-backend-developer-cloud-engineering-oracle"" title=""Principal Backend Developer Cloud Engineering Infrastructure Development  (JoinOCI-SDE)"">Principal Backend Developer Cloud Engineering Infrastructure Development  (JoinOCI-SDE)</a>",Oracle,"Bengaluru, India",https://stackoverflow.com/jobs/500854
"<a class=""s-link stretched-link"" href=""/jobs/523008/data-engineer-trellis-technologies-inc"" title=""Data Engineer"">Data Engineer</a>","Trellis Technologies, Inc.",No office location,https://stackoverflow.com/jobs/523008
"<a class=""s-link stretched-link"" href=""/jobs/497809/senior-software-engineer-full-stack-single-chan-zuckerberg-initiative"" title=""Senior Software Engineer (Full Stack), Single Cell, Science"">Senior Software Engineer (Full Stack), Single Cell, Science</a>",Chan Zuckerberg Initiative,"Redwood City, CA",https://stackoverflow.com/jobs/497809
"<a class=""s-link stretched-link"" href=""/jobs/523002/hiring-senior-mid-software-engineers-lightmatter"" title=""Hiring Senior &amp; Mid Software Engineers"">Hiring Senior &amp; Mid Software Engineers</a>",lightmatter,No office location,https://stackoverflow.com/jobs/523002
"<a class=""s-link stretched-link"" href=""/jobs/497685/senior-software-engineer-machine-learning-realtorcom"" title=""Senior Software Engineer - Machine Learning"">Senior Software Engineer - Machine Learning</a>",Realtor.com,"Richmond, BC, Canada",https://stackoverflow.com/jobs/497685
"<a class=""s-link stretched-link"" href=""/jobs/522996/senior-front-end-developer-threejs-clevertech"" title=""Senior Front-end Developer - Three.js"">Senior Front-end Developer - Three.js</a>",Clevertech,No office location,https://stackoverflow.com/jobs/522996
"<a class=""s-link stretched-link"" href=""/jobs/272011/application-security-engineer-bluebeam-inc"" title=""Application Security Engineer"">Application Security Engineer</a>","Bluebeam, Inc.","Pasadena, CA",https://stackoverflow.com/jobs/272011
"<a class=""s-link stretched-link"" href=""/jobs/522991/data-engineer-marketing-c2fo"" title=""Data Engineer - Marketing"">Data Engineer - Marketing</a>",C2FO,"Leawood, KS",https://stackoverflow.com/jobs/522991
"<a class=""s-link stretched-link"" href=""/jobs/522987/vp-of-engineering-for-profitable-saas-lead-sherpa-inc"" title=""VP of Engineering for Profitable SaaS"">VP of Engineering for Profitable SaaS</a>","Lead Sherpa, Inc.","Denver, CO",https://stackoverflow.com/jobs/522987
"<a class=""s-link stretched-link"" href=""/jobs/522908/python-developer-api-integrations-contract-gordian-software"" title=""Python Developer, API Integrations (contract)"">Python Developer, API Integrations (contract)</a>",Gordian Software,No office location,https://stackoverflow.com/jobs/522908
"<a class=""s-link stretched-link"" href=""/jobs/481757/senior-data-scientist-bright-cellars"" title=""Senior Data Scientist"">Senior Data Scientist</a>",Bright Cellars,No office location,https://stackoverflow.com/jobs/481757
"<a class=""s-link stretched-link"" href=""/jobs/522984/data-engineer-warehouse-c2fo"" title=""Data Engineer - Warehouse"">Data Engineer - Warehouse</a>",C2FO,"Leawood, KS",https://stackoverflow.com/jobs/522984
"<a class=""s-link stretched-link"" href=""/jobs/522982/senior-software-engineer-casana"" title=""Senior Software Engineer"">Senior Software Engineer</a>",Casana,"Boston, MA",https://stackoverflow.com/jobs/522982
"<a class=""s-link stretched-link"" href=""/jobs/515012/cyber-security-engineer-mitre"" title=""Cyber Security Engineer"">Cyber Security Engineer</a>",MITRE,"Stafford, VA",https://stackoverflow.com/jobs/515012
"<a class=""s-link stretched-link"" href=""/jobs/522981/data-scientist-styleseat"" title=""Data Scientist"">Data Scientist</a>",StyleSeat,No office location,https://stackoverflow.com/jobs/522981
"<a class=""s-link stretched-link"" href=""/jobs/522979/backend-engineer-bizly"" title=""Backend Engineer"">Backend Engineer</a>",Bizly,No office location,https://stackoverflow.com/jobs/522979
"<a class=""s-link stretched-link"" href=""/jobs/515005/software-research-engineer-mitre"" title=""Software Research Engineer"">Software Research Engineer</a>",MITRE,"Annapolis Junction, MD",https://stackoverflow.com/jobs/515005
"<a class=""s-link stretched-link"" href=""/jobs/522978/frontend-engineer-bizly"" title=""Frontend Engineer"">Frontend Engineer</a>",Bizly,No office location,https://stackoverflow.com/jobs/522978
"<a class=""s-link stretched-link"" href=""/jobs/515004/systems-network-engineer-mitre"" title=""Systems/Network Engineer"">Systems/Network Engineer</a>",MITRE,"Bedford, MA",https://stackoverflow.com/jobs/515004
"<a class=""s-link stretched-link"" href=""/jobs/506025/sr-engineer-embedded-in-rust-ockam"" title=""Sr Engineer - Embedded in Rust"">Sr Engineer - Embedded in Rust</a>",Ockam,No office location,https://stackoverflow.com/jobs/506025
Python Developer,"
Eateam inc",Remote,https://www.indeed.com/viewjob?jk=481ed285d6e605fc
Health Technologies - Data Scientist Co-op,"
Apple","Los Angeles, CA",https://www.indeed.com/viewjob?jk=97dc64aff5da3fa0
Python Developer,"
Shuup",Remote,https://www.indeed.com/viewjob?jk=52d5762bc4f2e29b
Part Time Programmer,"
ICHOM",Remote,https://www.indeed.com/viewjob?jk=d939969688cdb0b4
Machine Learning Intern,"
Juniper Networks","Sunnyvale, CA",https://www.indeed.com/viewjob?jk=2fa338831cf9f115
PYTHON SOFTWARE ENGINEER-DEEP LEARNING,"
InspiHER Tech",United States,https://www.indeed.com/viewjob?jk=3dd6c509667887e7
Product Management Intern (MBA),"
Vacasa",Oregon,https://www.indeed.com/viewjob?jk=3a09ef4e49cc5544
Python Developer,"
Deloitte","Chicago, IL",https://www.indeed.com/viewjob?jk=5bcfdbc654063f33
Cloud Support Engineer - Level 1 - ( Graveyard shift ),"
2nd Watch, Inc.",Remote,https://www.indeed.com/viewjob?jk=1a22cd4b3af99a2e
Python/Perl Programmer,"
BookTrolls, LLC","Houston, TX",https://www.indeed.com/viewjob?jk=0ab8133a6722a325
Summer 2021 FOX Technology Virtual Internship Program,"
Fox Corporation",Remote,https://www.indeed.com/viewjob?jk=3bbc4c480d8dc612
Python Engineer I - Indicators,"
Flashpoint",New York State,https://www.indeed.com/viewjob?jk=c6a3ee47175f9416
2021 Summer Software Development Engineer Intern - Games,"
Amazon Web Services, Inc.","Seattle, WA",https://www.indeed.com/viewjob?jk=7c107f43d744a16f
"Software Engineer (ML, Python)","
Sagebeans","Philadelphia, PA",https://www.indeed.com/viewjob?jk=d6341b833593430c
Sr. Tableau Developer,"
Citiustech",Remote,https://www.indeed.com/viewjob?jk=66f8d898fabbcb5a
Data Analyst,"
Luxor Technology Corporation","Seattle, WA",https://www.indeed.com/viewjob?jk=d49a3b4f227ea312
Python Developer,"
Booker DiMaio, LLC",Remote,https://www.indeed.com/viewjob?jk=4881c0fc06d701f6
Jr. Java Developer,"
Apex Consulting Services",Remote,https://www.indeed.com/viewjob?jk=6e0fad2c31d15fed
Associate / Senior Associate - Carbon Free Electricity,"
Rocky Mountain Institute","Basalt, CO",https://www.indeed.com/viewjob?jk=577d136d327db562
Data Engineer,"
SageBeans RPO","Bellevue, WA",https://www.indeed.com/viewjob?jk=062767f9ebb20b94
Python/Django Developer,"
WikiRealty","Santa Monica, CA",https://www.indeed.com/viewjob?jk=8170f030fcc61d97
IT Director,"
Pacific Bells, Inc.","Vancouver, WA",https://www.indeed.com/viewjob?jk=c4ffdb0be08a98a2
Data Associate,"
EMC Research",Remote,https://www.indeed.com/viewjob?jk=18e554f63f4ea1c7
Educational Research Analyst,"
SEIU 775 Benefits Group",Remote,https://www.indeed.com/viewjob?jk=e882084bb56deb67
Marketplace Investigations Analyst,"
Facebook","Seattle, WA",https://www.indeed.com/viewjob?jk=f9658b6b0305ed00
Agile PM,"
Intone Networks",Remote,https://www.indeed.com/viewjob?jk=d92fd6fa2d9725cb
Software Engineer(Python),"
Rekrooting","Bellevue, WA",https://www.indeed.com/viewjob?jk=76d3d2d3e75164df
Python/ALM Consultant,"
ACESTACK LLC",Remote,https://www.indeed.com/viewjob?jk=21955b5ce6f578d2
Frontend Engineering Internship,"
RELAYR","Chicago, IL",https://www.indeed.com/viewjob?jk=81e76e4a6fa3685b
Software Development Engineer I/II,"
Fred Hutchinson Cancer Research Center","Seattle, WA",https://www.indeed.com/viewjob?jk=5edc301b86aa5326
Devops Intern,"
Smarttwigs",Remote,https://www.indeed.com/viewjob?jk=99cae9878d8fc86d
Java / Python Tutors,"
SAM Consulting Services, Inc.","New York, NY",https://www.indeed.com/viewjob?jk=6dd414e5bf2653aa
Jr. Python Developer,"
Redzara.com","Dallas, TX",https://www.indeed.com/viewjob?jk=b449e038f15c6fcc
MRE Temporary,"
Pearson","Olympia, WA",https://www.indeed.com/viewjob?jk=08c764832f7c2f02
Security Researcher (Remote),"
Rebellion Defense","Seattle, WA",https://www.indeed.com/viewjob?jk=561741f3a7a234a0
Data Analyst,"
Four Winds Interactive",Remote,https://www.indeed.com/viewjob?jk=8ffe129c1261cb89
2021 Technical Associate,"
TIAA","Charlotte, NC",https://www.indeed.com/viewjob?jk=8042754cb21979b8
Principal Consultant - Power BI (REMOTE),"
PowerPivotPro",Remote,https://www.indeed.com/viewjob?jk=fe7106dbe38ad737
Sr. Information Systems Analyst,"
City of Bend, OR","Bend, OR",https://www.indeed.com/viewjob?jk=7e45feb47b51abf9
Data Scientist,"
6 River Systems","Atlanta, GA",https://www.indeed.com/viewjob?jk=f31976745ed4de1a
Informatica ETL Developer with CA-7,"
Chirpn",Remote,https://www.indeed.com/viewjob?jk=34d62e8045abdf41
Junior WordPress Designer/Site Optimization Specialist,"
Results Marketing Inc",Remote,https://www.indeed.com/viewjob?jk=c4ee368841aa8632
Bussiness Analyst,"
Freemind Solutions",Remote,https://www.indeed.com/viewjob?jk=67398e19fef883d1
Strategy & Analytics Analyst,"
Frontier Communications",Remote,https://www.indeed.com/viewjob?jk=ba71974930fa27d3
Data Technician (Full- or Part-Time),"
Thasos Group","New York, NY",https://www.indeed.com/viewjob?jk=da727c0cddda240e
Game Design Instructor,"
Game-U",Remote,https://www.indeed.com/viewjob?jk=93c224c7dc3e0c35
Python Developer with GCP| 100% Remote,"
Synthesis Systems Inc","Austin, TX",https://www.indeed.com/viewjob?jk=56900310cb7b4982
Python Developer,"
AET SOLUTIONS","Alpharetta, GA",https://www.indeed.com/viewjob?jk=4a88e7ecae8f3211
Data Engineer,"
Intellisoft Inc",Remote,https://www.indeed.com/viewjob?jk=7807b156d590119d
Rating Analyst,"
S&P Global","Centennial, CO",https://www.indeed.com/viewjob?jk=55a635b893c464ef
